{
  "project_info": {
    "project_number": "384681514584",
    "firebase_url": "https://profile-page-36995.firebaseio.com",
    "project_id": "profile-page-36995",
    "storage_bucket": "profile-page-36995.appspot.com"
  },
  "client": [
    {
      "client_info": {
        "mobilesdk_app_id": "1:384681514584:android:3c661d1b136e2d75131c2d",
        "android_client_info": {
          "package_name": "com.example.profilepage"
        }
      },
      "oauth_client": [
        {
          "client_id": "384681514584-tseb9pfsu1cpo3h9jp4qlaet6f27u6as.apps.googleusercontent.com",
          "client_type": 1,
          "android_info": {
            "package_name": "com.example.profilepage",
            "certificate_hash": "c03220a1fa979dd66b9eab2f666499473c07d5e5"
          }
        },
        {
          "client_id": "384681514584-upvvfg48mgfk5f2rrkg4h2k9olhmfai0.apps.googleusercontent.com",
          "client_type": 3
        }
      ],
      "api_key": [
        {
          "current_key": "AIzaSyAEVhQw5m7nz5DET_BYwoqGC6Zxnzz9YDI"
        }
      ],
      "services": {
        "appinvite_service": {
          "other_platform_oauth_client": [
            {
              "client_id": "384681514584-upvvfg48mgfk5f2rrkg4h2k9olhmfai0.apps.googleusercontent.com",
              "client_type": 3
            }
          ]
        }
      }
    }
  ],
  "configuration_version": "1"
}